{
  "p5": 0.0416018388892176,
  "p95": 0.17489568620193618
}